<KicadtoNgspice><source><v1 name="Source type">dc<field1 name="Value">1.8</field1></v1><v3 name="Source type">pulse<field1 name="Initial Value">0</field1><field2 name="Pulse Value">1.8</field2><field3 name="Delay Time">0</field3><field4 name="Rise Time">1n</field4><field5 name="Fall Time">1n</field5><field5 name="Pulse width">20m</field5><field5 name="Period">40m</field5></v3><v6 name="Source type">pulse<field1 name="Initial Value">1.8</field1><field2 name="Pulse Value">0</field2><field3 name="Delay Time">0</field3><field4 name="Rise Time">1n</field4><field5 name="Fall Time">1n</field5><field5 name="Pulse width">20m</field5><field5 name="Period">40m</field5></v6><v5 name="Source type">pulse<field1 name="Initial Value">1.8</field1><field2 name="Pulse Value">0</field2><field3 name="Delay Time">0</field3><field4 name="Rise Time">1n</field4><field5 name="Fall Time">1n</field5><field5 name="Pulse width">40m</field5><field5 name="Period">80m</field5></v5><v2 name="Source type">pulse<field1 name="Initial Value">0</field1><field2 name="Pulse Value">1.8</field2><field3 name="Delay Time">0</field3><field4 name="Rise Time">1n</field4><field5 name="Fall Time">1n</field5><field5 name="Pulse width">40m</field5><field5 name="Period">80m</field5></v2><v4 name="Source type">pulse<field1 name="Initial Value">0</field1><field2 name="Pulse Value">1.8</field2><field3 name="Delay Time">0</field3><field4 name="Rise Time">1n</field4><field5 name="Fall Time">1n</field5><field5 name="Pulse width">10m</field5><field5 name="Period">20m</field5></v4><v7 name="Source type">pulse<field1 name="Initial Value">1.8</field1><field2 name="Pulse Value">0</field2><field3 name="Delay Time">0</field3><field4 name="Rise Time">1n</field4><field5 name="Fall Time">1n</field5><field5 name="Pulse width">10m</field5><field5 name="Period">20m</field5></v7></source><model /><devicemodel><m5><field>C:\FOSSEE\eSim\library\deviceModelLibrary\MOS\NMOS-180nm.lib</field><field /><field /><field /></m5><m6><field>C:\FOSSEE\eSim\library\deviceModelLibrary\MOS\NMOS-180nm.lib</field><field /><field /><field /></m6><m4><field>C:\FOSSEE\eSim\library\deviceModelLibrary\MOS\PMOS-180nm.lib</field><field /><field /><field /></m4><m10><field>C:\FOSSEE\eSim\library\deviceModelLibrary\MOS\PMOS-180nm.lib</field><field /><field /><field /></m10><m11><field>C:\FOSSEE\eSim\library\deviceModelLibrary\MOS\NMOS-180nm.lib</field><field /><field /><field /></m11><m12><field>C:\FOSSEE\eSim\library\deviceModelLibrary\MOS\NMOS-180nm.lib</field><field /><field /><field /></m12><m2><field>C:\FOSSEE\eSim\library\deviceModelLibrary\MOS\NMOS-180nm.lib</field><field /><field /><field /></m2><m1><field>C:\FOSSEE\eSim\library\deviceModelLibrary\MOS\NMOS-180nm.lib</field><field /><field /><field /></m1><m8><field>C:\FOSSEE\eSim\library\deviceModelLibrary\MOS\NMOS-180nm.lib</field><field /><field /><field /></m8><m7><field>C:\FOSSEE\eSim\library\deviceModelLibrary\MOS\NMOS-180nm.lib</field><field /><field /><field /></m7><m3><field>C:\FOSSEE\eSim\library\deviceModelLibrary\MOS\NMOS-180nm.lib</field><field /><field /><field /></m3><m9><field>C:\FOSSEE\eSim\library\deviceModelLibrary\MOS\NMOS-180nm.lib</field><field /><field /><field /></m9></devicemodel><subcircuit /><microcontroller /><analysis><ac><field1 name="Lin">true</field1><field2 name="Dec">false</field2><field3 name="Oct">false</field3><field4 name="Start Frequency" /><field5 name="Stop Frequency" /><field6 name="No. of points" /><field7 name="Start Fre Combo">Hz</field7><field8 name="Stop Fre Combo">Hz</field8></ac><dc><field1 name="Source 1" /><field2 name="Start" /><field3 name="Increment" /><field4 name="Stop" /><field5 name="Operating Point">0</field5><field6 name="Start Combo">Volts or Amperes</field6><field7 name="Increment Combo">Volts or Amperes</field7><field8 name="Stop Combo">Volts or Amperes</field8><field9 name="Source 2" /><field10 name="Start" /><field11 name="Increment" /><field12 name="Stop" /><field13 name="Start Combo">Volts or Amperes</field13><field14 name="Increment Combo">Volts or Amperes</field14><field15 name="Stop Combo">Volts or Amperes</field15></dc><tran><field1 name="Start Time">0</field1><field2 name="Step Time">10</field2><field3 name="Stop Time">500</field3><field4 name="Start Combo">ms</field4><field5 name="Step Combo">ms</field5><field6 name="Stop Combo">ms</field6></tran></analysis></KicadtoNgspice>